1790312796,000
1790312826,000
1790312856,000
1790312886,000
1790312916,000
1790312946,000
1790312976,000
1790313006,000
1790313036,000
1790313066,000
1790313096,000
1790313126,000
1790313156,000
1790313186,000
1790313216,000
1790313246,000
1790313276,000
1790313306,000
1790313336,000
1790313366,000
1790313396,000
1790313426,000
1790313456,000
1790313486,000
1790313516,000
1790313546,000
1790313576,000
1790313606,000
1790313636,000
1790313666,000
1790313696,200
1790313726,200
1790313756,200
1790313786,200
1790313816,200
1790313846,200
1790313876,200
1790313906,200
1790313936,200
1790313966,200
1790313996,200
1790314026,200
1790314056,200
1790314086,200
1790314116,200
1790314146,200
1790314176,200
1790314206,200
1790314236,200
1790314266,200
1790314296,200
1790314326,200
1790314356,200
1790314386,200
1790314416,200
1790314446,200
1790314476,200
1790314506,200
1790314536,200
1790314566,200
