1790337370,000
1790337400,000
1790337430,000
1790337460,000
1790337490,000
1790337520,000
1790337550,000
1790337580,000
1790337610,000
1790337640,000
1790337670,000
1790337700,000
1790337730,000
1790337760,000
1790337790,000
1790337820,000
1790337850,000
1790337880,000
1790337910,000
1790337940,000
1790337970,000
1790338000,000
1790338030,000
1790338060,000
1790338090,000
1790338120,000
1790338150,000
1790338180,000
1790338210,000
1790338240,000
1790338270,000
1790338300,200
1790338330,200
1790338360,200
1790338390,200
1790338420,200
1790338450,200
1790338480,200
1790338510,200
1790338540,200
1790338570,200
1790338600,200
1790338630,200
1790338660,200
1790338690,200
1790338720,200
1790338750,200
1790338780,200
1790338810,200
1790338840,200
1790338870,200
1790338900,200
1790338930,200
1790338960,200
1790338990,200
1790339021,200
1790339051,200
1790339081,200
1790339111,200
1790339141,200
1790339171,200
1790339201,200
1790339231,200
1790339261,200
1790339291,200
