1790310965,000
1790310995,000
1790311025,000
1790311055,000
1790311085,000
1790311115,000
1790311145,000
1790311175,000
1790311205,000
1790311235,000
1790311265,000
1790311295,000
1790311325,000
1790311355,000
1790311385,000
1790311415,000
1790311445,000
1790311475,000
1790311505,000
1790311535,000
1790311565,000
1790311595,000
1790311625,000
1790311655,000
1790311685,000
1790311715,000
1790311745,000
1790311775,000
1790311805,000
1790311835,200
1790311865,200
1790311895,200
1790311925,200
1790311955,200
1790311985,200
1790312015,200
1790312045,200
1790312075,200
1790312105,200
1790312135,200
1790312165,200
1790312195,200
1790312225,200
1790312255,200
1790312285,200
1790312315,200
1790312345,200
1790312375,200
1790312405,200
1790312435,200
1790312466,200
1790312496,200
1790312526,200
1790312556,200
1790312586,200
1790312616,200
1790312646,200
1790312676,200
1790312706,200
1790312736,200
1790312766,200
