zeit,psi_mem_some_avg10,psi_mem_full_avg10,psi_io_some_avg10,psi_mem_some_total_us,majfault_s,pswpin_s,pswpout_s,memavail_mib,swap_used_mib
07:36:44,0.0,0.0,4.91,38553713,661.7,15.4,0.0,120749,4207
07:36:49,0.0,0.0,9.16,38553713,42.2,0.2,0.0,120656,4207
07:36:54,0.0,0.0,8.12,38553713,84.6,4.0,0.0,120084,4207
07:36:59,0.0,0.0,6.25,38553718,301.3,1.6,0.0,119813,4207
07:37:04,0.0,0.0,6.2,38553771,466.1,13.2,0.0,119922,4207
07:37:09,0.0,0.0,3.52,38553772,5.8,0.0,0.0,119327,4207
07:37:14,0.0,0.0,2.54,38553778,2.2,0.0,0.0,119451,4207
07:37:19,0.0,0.0,1.39,38553778,1.4,0.0,0.0,118863,4207
07:37:24,0.0,0.0,0.93,38553778,52.8,3.2,0.0,116013,4207
07:37:29,0.0,0.0,1.11,38553779,6.6,4.2,0.0,39316,4207
07:37:34,0.0,0.0,0.75,38553779,1.6,0.0,0.0,38876,4207
07:37:39,0.0,0.0,0.41,38553779,1.8,0.0,0.0,38758,4207
07:37:44,0.0,0.0,0.27,38553779,2.6,0.4,0.0,38577,4207
07:37:49,0.0,0.0,0.15,38553779,2.0,0.4,0.0,38420,4207
07:37:54,0.0,0.0,0.1,38553779,3.8,2.2,0.0,38250,4207
07:37:59,0.0,0.0,0.05,38553779,2.0,0.8,0.0,38119,4207
07:38:04,0.0,0.0,0.03,38553779,1.6,0.0,0.0,37998,4207
07:38:09,0.0,0.0,0.01,38553779,2.2,0.4,0.0,37910,4207
07:38:14,0.0,0.0,0.01,38553779,3.0,0.0,0.0,38140,4207
07:38:19,0.0,0.0,0.0,38553779,1.2,0.0,0.0,37746,4207
07:38:24,0.0,0.0,0.0,38553779,5.2,3.8,0.0,37749,4207
07:38:29,0.0,0.0,0.0,38553779,1.6,0.0,0.0,37831,4207
07:38:34,0.0,0.0,0.0,38553779,1.6,0.0,0.0,37750,4207
07:38:39,0.0,0.0,0.0,38553779,1.8,0.0,0.0,37719,4207
07:38:44,0.0,0.0,0.0,38553779,1.8,0.2,0.0,37825,4207
07:38:49,0.0,0.0,0.0,38553779,1.8,0.0,0.0,37806,4207
07:38:54,0.0,0.0,0.0,38553779,5.0,3.4,0.0,37894,4207
07:38:59,0.0,0.0,0.0,38553779,1.8,0.0,0.0,37906,4207
07:39:04,0.0,0.0,0.0,38553779,2.4,0.6,0.0,37913,4207
07:39:09,0.0,0.0,0.0,38553779,1.8,0.0,0.0,37945,4207
07:39:14,0.0,0.0,0.0,38553779,1.6,0.0,0.0,37903,4207
07:39:19,0.0,0.0,0.0,38553779,2.0,0.2,0.0,37850,4207
07:39:24,0.0,0.0,0.0,38553779,4.4,2.6,0.0,37880,4207
07:39:29,0.0,0.0,0.0,38553782,1.8,0.2,0.0,37921,4207
07:39:34,0.0,0.0,0.0,38553782,1.8,0.2,0.0,37939,4207
07:39:39,0.0,0.0,0.0,38553782,1.8,0.0,0.0,38019,4207
07:39:44,0.0,0.0,0.0,38553782,1.8,0.0,0.0,38108,4207
07:39:49,0.0,0.0,0.0,38553782,1.8,0.0,0.0,38190,4207
07:39:54,0.0,0.0,0.0,38553782,3.0,1.2,0.0,38247,4207
07:39:59,0.0,0.0,0.0,38553782,1.0,0.2,0.0,37958,4207
07:40:04,0.0,0.0,0.0,38553782,1.6,0.0,0.0,37992,4207
07:40:09,0.0,0.0,0.0,38553782,1.6,0.0,0.0,38067,4207
07:40:14,0.0,0.0,0.0,38553782,2.0,0.0,0.0,38050,4207
07:40:19,0.0,0.0,0.0,38553782,1.8,0.0,0.0,38119,4207
07:40:24,0.0,0.0,0.0,38553782,4.0,2.0,0.0,38139,4207
07:40:29,0.0,0.0,0.0,38553782,1.8,0.2,0.0,38102,4207
07:40:34,0.0,0.0,0.0,38553782,1.6,0.0,0.0,38064,4207
07:40:39,0.0,0.0,0.0,38553782,2.2,0.0,0.0,38076,4206
07:40:44,0.0,0.0,0.0,38553782,1.4,0.4,0.0,37837,4206
07:40:49,0.0,0.0,0.0,38553782,2.0,0.0,0.0,37803,4206
07:40:54,0.0,0.0,0.0,38553785,4.8,4.4,0.0,37821,4206
07:40:59,0.0,0.0,0.0,38553785,2.0,0.0,0.0,37858,4206
07:41:04,0.0,0.0,0.0,38553785,2.0,0.2,0.0,37947,4206
07:41:09,0.0,0.0,0.0,38553785,1.6,0.0,0.0,37970,4206
07:41:14,0.0,0.0,0.0,38553785,1.8,0.0,0.0,38013,4206
07:41:19,0.0,0.0,0.0,38553785,1.6,0.0,0.0,38023,4206
07:41:24,0.0,0.0,0.0,38553785,4.8,3.0,0.0,38049,4206
07:41:29,0.0,0.0,0.0,38553785,1.2,0.4,0.0,37796,4206
07:41:34,0.0,0.0,0.0,38553785,2.4,1.6,0.0,37912,4206
07:41:39,0.0,0.0,0.0,38553785,2.2,0.2,0.0,37961,4206
07:41:44,0.0,0.0,0.0,38553785,2.2,0.4,0.0,37959,4206
07:41:49,0.0,0.0,0.0,38553785,1.6,0.0,0.0,38057,4206
07:41:54,0.0,0.0,0.0,38553785,3.2,2.2,0.0,38086,4206
07:41:59,0.0,0.0,0.0,38553785,1.6,0.0,0.0,38141,4206
07:42:04,0.0,0.0,0.0,38553878,1.6,0.0,0.0,39751,4206
07:42:09,0.0,0.0,0.0,38553878,11.2,0.0,0.0,39280,4206
07:42:14,0.0,0.0,0.0,38577550,37.2,6.4,806.0,39619,4212
07:42:19,0.0,0.0,0.0,38578774,72.2,1.4,348.6,39658,4214
07:42:24,0.0,0.0,0.0,38595188,57.2,21.2,1589.8,39770,4218
07:42:29,2.47,2.35,0.0,38956778,32.4,15.8,104838.5,41972,6248
07:42:34,2.1,2.02,0.0,39014844,24.6,6.6,12001.1,42085,6486
07:42:39,1.15,1.11,0.0,39014844,13.4,1.4,0.0,41932,6486
07:42:44,0.77,0.74,0.0,39019627,167.4,182.6,0.0,41786,6486
07:42:49,0.42,0.4,0.0,39044557,11.2,0.6,5356.7,42459,6595
07:42:54,0.58,0.57,0.0,39081392,16.6,5.8,6239.5,42465,6734
07:42:59,0.31,0.31,0.0,39082366,38.4,40.6,77.8,42024,6735
07:43:04,0.21,0.2,0.0,39090009,383.0,470.2,144.4,42076,6734
07:43:09,0.11,0.11,0.0,39090633,3.8,2.8,96.4,42234,6734
07:43:14,0.07,0.07,0.0,39091031,9.0,4.2,114.2,42286,6734
07:43:19,0.04,0.04,0.0,39091708,8.4,2.4,145.8,42279,6735
07:43:24,0.02,0.02,0.0,39092246,21.8,8.8,97.6,42398,6734
07:43:29,0.01,0.01,0.0,39093010,20.0,17.6,116.6,42399,6734
07:43:34,0.0,0.0,0.0,39093270,17.0,8.2,121.8,42415,6734
07:43:39,0.0,0.0,0.0,39093540,26.4,17.2,73.2,42155,6734
07:43:44,0.0,0.0,0.0,39093777,6.2,3.2,93.6,42081,6734
07:43:49,0.0,0.0,0.0,39094477,3.6,1.2,77.4,42401,6734
07:43:54,0.0,0.0,0.0,39094901,7.6,5.0,86.8,42368,6734
07:43:59,1.52,1.52,1.52,39335425,1119.7,1665.6,0.0,42308,6734
07:44:04,1.02,1.02,1.02,39335721,3.4,0.2,2.8,42264,6734
07:44:09,0.56,0.56,0.56,39335810,2.6,0.0,7.2,42165,6734
07:44:14,0.37,0.37,0.37,39336699,12.2,10.4,13.4,42276,6734
07:44:19,0.2,0.2,0.2,39337411,2.4,0.0,13.2,42272,6734
07:44:24,0.13,0.13,0.13,39338042,7.8,6.2,18.6,42280,6734
07:44:29,0.07,0.07,0.07,39338600,3.8,3.6,14.0,42445,6734
07:44:34,0.04,0.04,0.04,39339192,2.8,2.6,11.0,42176,6734
07:44:39,0.02,0.02,0.02,39339237,4.8,3.2,71.0,42097,6735
07:44:44,0.01,0.01,0.01,39339847,15.0,3.8,103.6,41975,6737
07:44:49,0.0,0.0,0.0,39340250,4.6,1.4,87.0,41873,6738
07:44:54,0.0,0.0,0.0,39340687,8.2,3.6,0.0,42465,6738
07:44:59,0.0,0.0,0.0,39340967,2.2,0.0,15.8,42321,6738
07:45:04,0.0,0.0,0.0,39341165,9.2,7.2,0.0,42227,6738
07:45:09,0.0,0.0,0.0,39341830,2.2,0.4,10.2,42335,6738
07:45:14,0.54,0.54,0.54,39630619,1216.7,3459.7,0.0,42307,6738
07:45:19,4.53,4.53,4.41,40046360,2464.6,6424.1,0.0,42020,6738
07:45:24,3.04,3.04,2.95,40047089,105.4,95.6,0.0,42028,6738
07:45:29,1.66,1.66,1.62,40047158,3.6,0.8,0.0,41891,6738
07:45:34,1.11,1.11,1.08,40047517,2.2,0.4,0.0,42308,6738
07:45:39,0.61,0.61,0.59,40047839,9.6,14.0,0.0,41844,6738
07:45:44,0.41,0.41,0.39,40048115,2.8,0.8,0.0,41691,6738
07:45:49,0.22,0.22,0.54,40050311,70.4,104.8,0.0,42085,6738
07:45:54,0.15,0.15,0.96,40053223,285.2,882.3,0.0,41384,6738
07:45:59,0.08,0.08,0.67,40053251,84.4,102.2,0.0,41863,6738
07:46:04,0.05,0.05,0.45,40053461,5.6,6.0,0.0,41292,6738
07:46:09,0.02,0.02,0.37,40053983,6.8,7.8,0.0,40150,6738
07:46:14,0.01,0.01,0.42,40054499,7.4,2.8,0.0,39013,6738
07:46:19,0.01,0.01,0.23,40055119,1.2,1.4,101.4,38610,6740
07:46:24,0.0,0.0,0.15,40056211,5.6,6.8,26.4,37744,6743
07:46:29,0.0,0.0,0.08,40056681,6.2,2.6,0.0,42131,6743
07:46:34,0.0,0.0,0.05,40056681,0.6,0.0,0.0,41137,6743
07:46:39,0.0,0.0,0.03,40057179,4.2,4.4,0.0,40174,6743
07:46:44,0.0,0.0,0.02,40062036,91.6,100.6,0.0,39239,6743
07:46:49,0.0,0.0,0.01,40063511,3.0,3.4,0.0,39275,6752
07:46:54,0.84,0.84,2.72,40191225,950.7,1595.1,12560.5,40756,6984
07:46:59,0.56,0.56,15.73,40197788,3692.7,4663.0,0.0,40632,6984
07:47:04,0.85,0.85,22.51,40266868,2138.6,1734.0,1222.3,34298,6999
07:47:09,0.57,0.57,25.67,40270021,2070.8,140.8,112.4,34348,7000
07:47:14,0.31,0.31,34.1,40271104,2013.4,24.4,44.8,34321,7001
07:47:19,0.2,0.2,36.52,40271821,1832.9,34.8,85.4,34336,7001
07:47:24,0.11,0.11,32.87,40272063,1795.4,19.2,10.2,34309,7002
07:47:29,0.07,0.07,34.36,40272585,2299.0,296.0,124.4,34286,7002
07:47:34,0.04,0.04,28.98,40272760,1790.2,1.6,48.6,34271,7002
07:47:39,0.02,0.02,31.98,40273126,1835.5,3.8,56.8,34256,7003
07:47:44,0.01,0.01,29.34,40273619,1832.1,29.4,0.0,34249,7003
07:47:49,0.0,0.0,33.87,40274121,1830.0,44.2,0.2,34241,7003
07:47:54,0.0,0.0,31.95,40275040,1817.1,31.4,0.0,34241,7003
07:47:59,0.0,0.0,35.16,40275085,1765.2,2.8,0.2,34249,7003
07:48:04,0.0,0.0,25.92,40275151,227.8,7.4,0.6,33532,7003
07:48:09,0.0,0.0,17.37,40275200,4.6,2.4,0.0,32811,7003
07:48:14,0.0,0.0,13.31,40282661,105.2,2.0,0.0,30596,7003
07:48:19,0.0,0.0,8.92,40283038,2.8,1.6,0.0,29676,7003
07:48:24,0.0,0.0,4.9,40286123,39.8,30.8,55.6,33582,7003
07:48:29,0.0,0.0,3.28,40286607,22.0,23.2,0.0,32622,7003
07:48:34,0.0,0.0,1.8,40286610,4.6,3.4,0.0,31662,7003
07:48:39,0.0,0.0,1.2,40323938,1265.7,2572.4,123.8,30868,7003
07:48:44,0.12,0.12,18.62,40325407,4476.0,10277.2,0.0,30648,7003
07:48:49,0.08,0.08,22.08,40325742,3004.4,7482.6,0.0,36795,7003
07:48:54,0.04,0.04,20.61,40327827,311.0,341.0,0.0,33715,7003
07:48:59,0.02,0.02,14.41,40329337,69.8,45.0,0.0,32372,7003
07:49:04,0.01,0.01,8.03,40329376,10.8,1.2,0.0,32368,7003
07:49:09,0.0,0.0,5.38,40329485,48.8,53.8,0.0,32402,7003
07:49:14,0.0,0.0,5.07,40329787,145.0,212.2,0.0,32358,7003
07:49:19,0.0,0.0,4.02,40330471,102.0,160.2,0.0,34887,7003
07:49:24,0.0,0.0,2.39,40330475,16.0,22.2,0.0,34127,7003
07:49:29,0.0,0.0,1.6,40332573,37.0,41.0,0.0,33590,7003
07:49:34,0.0,0.0,0.87,40332573,0.4,0.0,0.0,33587,7003
07:49:39,0.0,0.0,0.58,40333078,25.8,16.6,0.0,33600,7003
07:49:44,0.0,0.0,0.32,40333843,5.8,5.6,0.0,33488,7003
07:49:49,0.0,0.0,0.21,40333940,1.6,1.0,0.0,33431,7003
07:49:54,0.0,0.0,0.11,40334494,5.0,4.6,0.0,33435,7003
07:49:59,0.0,0.0,0.07,40334497,1.2,0.4,0.0,33385,7003
07:50:04,0.0,0.0,1.08,40337414,371.9,396.7,5.6,31457,7003
07:50:09,0.0,0.0,0.72,40495311,14.0,9.6,3773.1,27740,7051
07:50:14,2.22,2.22,2.57,40708990,1654.8,1788.5,264.9,22834,7053
07:50:19,1.49,1.49,2.05,40709156,94.8,144.8,0.0,22645,7053
07:50:24,0.81,0.81,1.25,40709243,23.6,22.4,0.0,22519,7053
07:50:29,0.54,0.54,0.98,40709268,48.2,33.4,0.0,22041,7053
07:50:34,0.3,0.3,0.99,40709333,147.6,33.4,0.0,21925,7053
07:50:39,0.2,0.2,9.08,40709342,3502.2,8055.8,0.0,21837,7053
07:50:44,0.1,0.1,29.17,40709950,4657.0,11974.8,0.0,21842,6980
07:50:49,0.07,0.07,31.03,40710148,2621.6,8594.0,0.0,21479,6980
07:50:54,0.03,0.03,17.76,40710327,10.2,11.2,0.0,20988,6980
07:50:59,0.02,0.02,11.91,40842289,284.4,417.0,23.6,20184,6980
07:51:04,2.05,2.05,19.54,41030191,3261.8,6708.0,18.2,19891,6980
07:51:09,1.37,1.37,23.93,41030191,4521.3,10664.9,0.0,19669,6980
07:51:14,0.75,0.75,22.01,41031837,1899.3,6026.5,0.0,19592,6980
07:51:19,0.5,0.5,14.76,41031847,1.0,0.6,0.0,19568,6980
07:51:24,0.27,0.27,14.77,41047049,12728.2,958.8,0.6,17086,6980
07:51:29,0.18,0.18,9.9,41047059,944.9,1.4,0.0,16986,6980
07:51:34,0.1,0.1,5.55,41047059,51.6,5.0,0.0,16995,6980
07:51:39,0.06,0.06,4.02,41047059,50.4,3.4,0.0,17019,6980
07:51:44,0.03,0.03,2.2,41047069,12.4,12.0,0.0,17017,6980
07:51:49,0.02,0.02,3.4,41047072,947.2,1144.2,0.0,16981,6980
07:51:54,0.01,0.01,1.87,41047072,14.4,5.2,0.0,16980,6980
07:51:59,0.0,0.0,1.25,41047263,28.4,0.6,0.0,16982,6980
07:52:04,0.0,0.0,0.68,41047284,12.4,0.6,0.0,16981,6980
07:52:09,0.0,0.0,0.46,41047284,10.2,1.0,0.0,16980,6980
07:52:14,0.0,0.0,0.25,41047316,69.8,60.0,0.0,16975,6980
07:52:19,0.0,0.0,0.35,41047426,141.4,158.2,0.0,17074,6980
07:52:24,0.0,0.0,0.37,41047426,67.6,7.8,0.0,17039,6980
07:52:29,0.0,0.0,0.25,41047549,0.8,0.4,0.0,17029,6980
07:52:34,0.0,0.0,0.13,41047549,24.8,2.2,0.0,17019,6980
07:52:39,0.0,0.0,0.09,41047549,2.4,3.4,0.0,17009,6980
07:52:44,0.0,0.0,0.04,41047549,25.2,1.0,0.0,17010,6980
07:52:49,0.0,0.0,0.03,41047549,1.2,1.4,0.0,17015,6980
07:52:54,0.0,0.0,0.01,41047556,34.4,10.0,0.0,17008,6980
07:52:59,0.0,0.0,0.01,41047556,0.6,0.4,0.0,17012,6980
07:53:04,0.0,0.0,0.0,41047556,16.8,0.8,0.0,17008,6980
07:53:09,0.0,0.0,0.0,41047556,1.2,0.2,0.0,17012,6980
07:53:14,0.0,0.0,0.0,41047556,19.8,2.8,0.0,17006,6980
07:53:19,0.0,0.0,0.0,41047565,11.4,10.0,0.0,17007,6980
07:53:24,0.0,0.0,0.18,41047565,61.2,9.6,0.0,17006,6980
07:53:29,0.0,0.0,0.12,41047653,20.0,20.6,0.0,17003,6980
07:53:34,0.0,0.0,0.06,41047820,17.6,0.2,0.0,16994,6980
07:53:39,0.0,0.0,0.04,41047820,0.0,0.0,0.0,16990,6980
07:53:44,0.0,0.0,0.02,41050478,16.8,0.2,0.0,17062,6980
07:53:49,0.0,0.0,0.01,41050478,1.0,1.0,0.0,17051,6980
07:53:54,0.0,0.0,0.0,41050478,36.8,4.6,0.0,17032,6980
07:53:59,0.0,0.0,0.0,41050478,3.0,0.6,0.0,17017,6980
07:54:04,0.0,0.0,0.15,41050478,42.4,0.6,0.0,17008,6980
07:54:09,0.0,0.0,0.1,41050478,8.0,0.0,0.0,17007,6980
07:54:14,0.0,0.0,0.05,41050500,18.0,9.4,0.0,16996,6980
07:54:19,0.0,0.0,0.03,41050500,12.8,1.2,0.0,16994,6980
07:54:24,0.0,0.0,0.01,41050500,15.4,3.8,0.0,16984,6980
07:54:29,0.0,0.0,0.01,41050500,8.4,0.2,0.0,16981,6980
07:54:34,0.0,0.0,0.0,41050500,7.8,0.4,0.0,16985,6980
07:54:39,0.0,0.0,0.0,41050500,8.4,0.0,0.0,16984,6980
07:54:44,0.0,0.0,0.14,41050500,44.4,1.2,0.0,16980,6979
07:54:49,0.0,0.0,0.1,41050500,9.6,1.2,0.0,16982,6979
07:54:54,0.0,0.0,0.05,41050510,21.0,6.4,0.0,16976,6979
07:54:59,0.0,0.0,0.03,41050510,11.4,0.0,0.0,16977,6979
07:55:04,0.0,0.0,0.01,41050510,6.4,0.4,0.0,16971,6979
07:55:09,0.0,0.0,0.01,41050510,14.6,0.6,0.0,16971,6979
07:55:14,0.0,0.0,0.12,41053402,26.8,1.4,0.0,17061,6979
07:55:19,0.0,0.0,0.08,41053402,13.4,0.0,0.0,17049,6979
07:55:24,0.0,0.0,0.04,41053406,105.8,111.2,0.0,17024,6979
07:55:29,0.0,0.0,0.03,41053629,12.4,0.2,0.0,17020,6979
07:55:34,0.0,0.0,0.01,41053629,0.0,0.0,0.0,17003,6979
07:55:39,0.0,0.0,0.01,41053629,98.0,67.2,0.0,17003,6979
07:55:44,0.0,0.0,0.12,41053629,9.8,1.8,0.0,16998,6979
07:55:49,0.0,0.0,0.08,41053629,27.0,0.0,0.0,16997,6979
07:55:54,0.0,0.0,0.04,41053729,9.0,7.8,0.0,16996,6979
07:55:59,0.0,0.0,0.03,41054114,21.6,0.4,0.0,17060,6979
07:56:04,0.0,0.0,0.37,41054881,293.3,512.8,0.0,17023,6979
07:56:09,0.0,0.0,0.25,41054881,14.4,1.6,0.0,17010,6979
07:56:14,0.0,0.0,0.13,41054881,0.4,0.2,0.0,16999,6979
07:56:19,0.0,0.0,0.09,41054881,9.6,1.2,0.0,16990,6979
07:56:24,0.0,0.0,0.05,41054918,4.2,4.2,0.0,16977,6979
07:56:29,0.0,0.0,0.03,41055079,84.6,12.0,0.0,17002,6979
07:56:34,0.0,0.0,1.09,41055090,362.1,2.0,0.0,17021,6979
07:56:39,0.0,0.0,1.42,41055181,1610.3,47.6,0.0,16976,6979
07:56:44,0.0,0.0,3.12,41055192,429.5,0.8,0.0,17033,6979
07:56:49,0.0,0.0,5.4,41058375,18114.4,537.1,0.0,16813,6979
07:56:54,0.0,0.0,7.33,41058976,14252.3,3.8,0.0,16798,6979
07:56:59,0.0,0.0,7.12,41058976,282.4,0.2,0.0,16772,6979
07:57:04,0.0,0.0,5.95,41058976,434.1,0.0,0.0,16789,6979
07:57:09,0.0,0.0,5.27,41058976,3670.9,670.3,0.0,16797,6979
07:57:14,0.0,0.0,6.02,41059680,5213.7,0.8,0.0,16791,6979
07:57:19,0.0,0.0,5.14,41059680,253.0,0.0,0.0,16817,6979
07:57:24,0.0,0.0,3.18,41059680,178.0,60.6,0.0,16821,6979
07:57:29,0.0,0.0,3.09,41059680,146.0,0.4,0.0,16829,6979
07:57:34,0.0,0.0,2.93,41059680,340.6,45.8,0.0,16850,6979
07:57:39,0.0,0.0,3.25,41059680,419.7,0.2,0.0,16842,6979
07:57:44,0.0,0.0,3.11,41059680,2914.5,99.8,0.0,16763,6979
07:57:49,0.0,0.0,2.99,41059680,335.3,0.0,0.0,16798,6979
07:57:54,0.0,0.0,3.27,41059680,326.9,4.6,0.0,16821,6979
07:57:59,0.0,0.0,2.49,41059680,5475.3,96.2,0.0,16818,6979
07:58:04,0.0,0.0,3.78,41059680,272.0,0.6,0.0,16823,6979
07:58:09,0.0,0.0,5.68,41059680,655.7,0.0,0.0,16817,6979
07:58:14,0.0,0.0,7.29,41059681,646.7,0.8,0.0,16829,6979
07:58:19,0.0,0.0,5.84,41059833,1056.7,12.8,0.0,16896,6979
07:58:24,0.0,0.0,3.96,41059836,168.2,7.4,0.0,16871,6979
07:58:29,0.0,0.0,3.28,41059838,116.0,32.4,0.0,16850,6979
07:58:34,0.0,0.0,2.1,41059841,114.8,0.8,0.0,16844,6979
07:58:39,0.0,0.0,1.74,41059848,80.8,3.0,0.0,16836,6979
07:58:44,0.0,0.0,1.28,41059910,90.8,1.6,0.0,16875,6979
07:58:49,0.0,0.0,1.04,41059915,80.6,0.6,0.0,16855,6979
07:58:54,0.0,0.0,0.99,41059922,122.4,3.0,0.0,16842,6979
07:58:59,0.0,0.0,1.17,41059931,69.4,0.4,0.0,16835,6979
07:59:04,0.0,0.0,0.97,41060706,94.8,0.8,0.0,16913,6979
07:59:09,0.0,0.0,0.8,41060723,65.0,1.6,0.0,16871,6979
07:59:14,0.0,0.0,0.74,41061237,78.6,1.2,0.0,16926,6979
07:59:19,0.0,0.0,0.79,41061291,75.8,1.0,0.0,16877,6979
07:59:24,0.0,0.0,0.58,41061336,84.2,3.4,0.0,16844,6979
07:59:29,0.0,0.0,0.57,41061343,75.6,6.6,0.0,16866,6979
07:59:34,0.0,0.0,1.0,41061364,284.3,6.6,0.0,16889,6979
07:59:39,0.0,0.0,2.5,41061389,493.4,0.0,0.0,16947,6979
07:59:44,0.0,0.0,2.72,41061393,399.5,0.6,0.0,16915,6979
07:59:49,0.0,0.0,3.47,41062092,499.1,39.2,0.0,16772,6979
07:59:54,0.0,0.0,4.04,41062092,407.3,4.6,0.0,16718,6979
07:59:59,0.0,0.0,3.4,41062092,278.8,0.4,0.0,16726,6979
08:00:04,0.0,0.0,3.48,41062092,358.5,1.0,0.0,16693,6979
08:00:09,0.0,0.0,3.29,41062092,427.9,30.8,0.0,16712,6979
08:00:14,0.0,0.0,3.27,41062092,441.9,1.0,0.0,16718,6979
08:00:19,0.0,0.0,2.79,41062092,208.4,1.0,0.0,16714,6979
08:00:24,0.0,0.0,3.0,41062092,188.2,6.4,0.0,16712,6979
08:00:29,0.0,0.0,3.0,41062092,284.0,0.2,0.0,16709,6979
08:00:34,0.0,0.0,3.39,41062092,343.8,1.0,0.0,16713,6979
08:00:39,0.0,0.0,3.59,41062092,5593.0,526.5,0.0,16701,6979
08:00:44,0.0,0.0,3.42,41062403,1362.8,0.4,0.2,16829,6979
08:00:49,0.0,0.0,3.93,41062403,13218.0,0.4,0.0,16790,6979
08:00:54,0.0,0.0,4.02,41063541,2618.0,5.0,0.4,16793,6979
08:00:59,0.0,0.0,4.04,41063541,344.7,0.0,0.0,16794,6979
08:01:04,0.0,0.0,3.69,41063541,355.7,1.4,0.0,16794,6979
08:01:09,0.0,0.0,3.64,41063541,555.8,366.9,0.0,16743,6979
08:01:14,0.0,0.0,2.36,41063541,0.4,1.0,0.0,16741,6979
08:01:19,0.0,0.0,3.75,41063541,7510.0,0.0,0.0,16733,6979
08:01:24,0.0,0.0,2.36,41063541,1294.3,6.2,0.0,16731,6979
08:01:29,0.0,0.0,4.84,41064466,11085.1,0.0,0.2,16598,6979
08:01:34,0.0,0.0,5.18,41065314,10989.2,2.4,1.2,16587,6979
08:01:39,0.0,0.0,5.55,41065314,8432.3,0.2,0.0,16672,6979
08:01:44,0.0,0.0,6.25,41066207,11482.9,1.4,1.6,16636,6979
08:01:49,0.0,0.0,5.27,41066987,3976.3,1.4,0.0,16660,6979
08:01:54,0.0,0.0,4.0,41066987,314.9,5.6,0.0,16697,6979
08:01:59,0.0,0.0,4.58,41067132,672.0,633.0,0.0,16679,6978
08:02:04,0.0,0.0,3.65,41067132,131.6,1.0,0.0,16689,6978
08:02:09,0.0,0.0,3.91,41067132,262.4,145.8,0.0,16662,6978
08:02:14,0.0,0.0,2.39,41067132,1.4,3.0,0.0,16668,6978
08:02:19,0.0,0.0,1.6,41067132,0.0,0.0,0.0,16670,6978
08:02:24,0.0,0.0,0.88,41067132,9.2,10.2,0.0,16666,6978
08:02:29,0.0,0.0,0.58,41067132,1.0,0.8,0.0,16661,6978
08:02:34,0.0,0.0,0.32,41067132,1.0,1.2,0.0,16665,6978
08:02:39,0.0,0.0,1.66,41067132,5084.8,1.2,0.0,16656,6978
08:02:44,0.0,0.0,4.96,41067885,15135.9,0.2,0.0,16596,6978
08:02:49,0.0,0.0,6.41,41068952,10701.1,4.2,0.0,16607,6978
08:02:54,0.0,0.0,6.48,41069838,13834.6,3.8,0.0,16623,6978
08:02:59,0.0,0.0,6.87,41070726,15654.9,0.2,0.2,16636,6978
08:03:04,0.0,0.0,4.5,41070726,909.5,9.6,0.0,16637,6978
08:03:09,0.0,0.0,3.67,41070726,131.6,0.8,0.0,16662,6978
08:03:14,0.0,0.0,4.6,41070726,305.1,2.2,0.0,16677,6978
08:03:19,0.0,0.0,4.12,41070726,175.6,1.4,0.0,16672,6978
08:03:24,0.0,0.0,3.58,41070734,86.2,3.6,0.0,16679,6978
08:03:29,0.0,0.0,2.55,41070734,172.6,0.2,0.0,16672,6978
08:03:34,0.0,0.0,1.4,41070734,0.8,0.2,0.0,16667,6978
08:03:39,0.0,0.0,0.93,41070734,129.6,0.0,0.0,16678,6978
08:03:44,0.0,0.0,1.44,41070734,133.2,0.6,0.0,16682,6978
08:03:49,0.0,0.0,1.14,41070734,36.4,0.0,0.0,16682,6978
08:03:54,0.0,0.0,1.55,41070744,132.6,19.8,0.0,16666,6978
08:03:59,0.0,0.0,1.04,41070744,0.8,1.6,0.0,16675,6978
08:04:04,0.0,0.0,0.57,41070744,2.0,2.0,0.0,16669,6978
08:04:09,0.0,0.0,0.38,41070744,0.0,0.0,0.0,16676,6978
08:04:14,0.0,0.0,0.2,41070744,0.6,0.4,0.0,16669,6978
08:04:19,0.0,0.0,0.14,41070744,0.8,3.0,0.0,16671,6978
08:04:24,0.0,0.0,0.07,41070744,2.8,2.8,0.0,16660,6978
08:04:29,0.0,0.0,0.59,41070744,8248.9,0.2,0.0,16655,6978
08:04:34,0.0,0.0,2.43,41071319,115.2,12.2,0.0,16680,6978
08:04:39,0.0,0.0,2.14,41071319,93.6,9.8,0.0,16680,6978
08:04:44,0.0,0.0,1.59,41071319,68.2,0.8,0.0,16681,6978
08:04:49,0.0,0.0,1.43,41071319,396.9,2.2,0.0,16679,6978
08:04:54,0.0,0.0,2.01,41071319,149.8,2.8,0.0,16682,6978
08:04:59,0.0,0.0,2.52,41071319,218.2,0.8,0.0,16687,6978
08:05:04,0.0,0.0,3.22,41071319,344.3,0.4,0.0,16689,6978
08:05:09,0.0,0.0,3.29,41071319,325.9,2.4,0.0,16695,6978
08:05:14,0.0,0.0,4.3,41071319,325.0,0.0,0.0,16696,6978
08:05:19,0.0,0.0,3.39,41071319,113.4,0.2,0.0,16696,6978
08:05:24,0.0,0.0,2.91,41071319,171.4,15.2,0.0,16690,6978
08:05:29,0.0,0.0,2.54,41071319,169.8,1.2,0.0,16694,6978
08:05:34,0.0,0.0,1.39,41071319,48.4,0.0,0.0,16694,6978
08:05:39,0.0,0.0,1.99,41071319,306.7,3.4,0.0,16704,6978
08:05:44,0.0,0.0,3.37,41071319,449.1,4.6,0.0,16700,6978
08:05:49,0.0,0.0,4.3,41071319,406.7,1.2,0.0,16705,6978
08:05:54,0.0,0.0,5.4,41071319,414.9,4.0,0.0,16700,6978
08:05:59,0.0,0.0,4.57,41071319,167.6,0.2,0.0,16702,6978
08:06:04,0.0,0.0,2.51,41071319,0.0,0.0,0.0,16700,6978
08:06:09,0.0,0.0,1.68,41071319,0.6,2.8,0.0,16696,6978
08:06:14,0.0,0.0,0.92,41071319,0.0,0.0,0.0,16700,6978
08:06:19,0.0,0.0,0.61,41071319,0.2,0.0,0.0,16697,6978
08:06:24,0.0,0.0,0.33,41071319,3.4,4.0,0.0,16693,6978
08:06:29,0.0,0.0,0.22,41071319,75.6,1.2,0.0,16691,6978
08:06:34,0.0,0.0,2.85,41071319,361.5,0.4,0.0,16698,6978
08:06:39,0.0,0.0,3.71,41071319,379.7,0.8,0.0,16696,6978
08:06:44,0.0,0.0,3.75,41071319,338.1,1.0,0.0,16696,6978
08:06:49,0.0,0.0,3.95,41071319,371.5,141.4,0.0,16727,6961
