1790335621,000
1790335651,000
1790335681,000
1790335711,000
1790335741,000
1790335771,000
1790335801,000
1790335831,000
1790335861,000
1790335891,000
1790335921,000
1790335951,000
1790335981,000
1790336011,000
1790336041,000
1790336071,000
1790336101,000
1790336131,000
1790336161,000
1790336191,000
1790336221,000
1790336251,000
1790336281,000
1790336311,503
1790336341,200
1790336374,200
1790336405,200
1790336438,200
1790336470,200
1790336502,200
1790336536,200
1790336570,200
1790336601,200
1790336635,200
1790336666,200
1790336697,200
1790336730,200
1790336764,200
1790336795,200
1790336826,200
1790336857,200
1790336889,200
1790336920,200
1790336951,200
1790336982,200
1790337013,200
1790337044,200
1790337075,200
1790337108,200
1790337141,200
1790337175,000
1790337210,200
1790337243,200
1790337274,200
1790337308,200
1790337339,200
