aime26_metrics.json	b5ca71b4914a62d3e2b835d1949cfc4f554113cf	1062
audit_unchanged_report.json	7f4fd4c96681c25286369827e59b7ea5730cb792	110
chat_template.jinja	c0c686f9c38d70d179fb7b5f5aa7530bc913dda3	8952
config.json	ac690fbadfabbba25b73b526880ed1ceea70b14e	4983
conversion_environment.json	d21933d335e6d5bf6e2da338d35af1c1f75e071a	344
generation_config.json	023756cfadf88e5bf69eefeee3e172f38c448d64	202
.gitattributes	a09db2ea4d1bd1fc1c09f6fca45e8e4054953535	1635
gsm8k_metrics.json	8e9b7b12d77a12bb59c3119e09f227d567fd0ee8	869
hf_quant_config.json	5307b85d03386f8d813890063906fe70cbf78327	504
layer-00000-experts-0000-0127.complete.json	5fda63ded2a9cf44390f9d90067150d6e0b17af0	5870
layer-00000-experts-0000-0127.safetensors	d367f9ed6570543e49a99db0a8f88fe12ed94117f9bb3db0d90624937cb56457	354098208
layer-00000-experts-0128-0255.complete.json	8eef8ca48a9a9e7f84c2349b875647d34da3f470	5872
layer-00000-experts-0128-0255.safetensors	e24ede1ac5e0341608da8ada2989bc92981ff6286e2f1601025ccb8c8d8b36ee	354099528
layer-00000-experts-0256-0383.complete.json	1f8622eec64edfd0ba11f1c16db197f99a4b06b2	5872
layer-00000-experts-0256-0383.safetensors	7ab7f14e3072a3073079701c721c05aca111c365336294d9eb78651355565bd3	354099528
layer-00000-experts-0384-0511.complete.json	889625f939585608b0f4e1d43cf4540f195c4aed	5872
layer-00000-experts-0384-0511.safetensors	1d91a60f90dbc44655c37d97d7eb37c93d5a8a872b92efed20f77d0705277045	354099528
layer-00001-experts-0000-0127.complete.json	3ee325a2425c9de8f76893a587bd24104b14d741	5870
layer-00001-experts-0000-0127.safetensors	f987d5b4bf0a09f933e77230a7155917caeccd684a9c2af65ae055e7ba2f5841	354098208
layer-00001-experts-0128-0255.complete.json	bb100ed83a595360217eaf621b564aa888254044	5872
layer-00001-experts-0128-0255.safetensors	6bfd3aa965124674ef499f5e33e842ef6e012755dfa659da1e09a2f689a3257d	354099528
layer-00001-experts-0256-0383.complete.json	bdb6e2ef56658f38335af82150a142e225beab2b	5872
layer-00001-experts-0256-0383.safetensors	3e38e9e9a79a96cad1473f129897ff2fa79593b65cc9dd1d7416370b96675040	354099528
layer-00001-experts-0384-0511.complete.json	9e1f86f39f20072373f73028fc4bfadbd6c4087d	5872
layer-00001-experts-0384-0511.safetensors	2f277f27504d22712822fb711071a212dd695841c9cbf4be7d3719d78f64d3db	354099528
layer-00002-experts-0000-0127.complete.json	c69098976a38e70ac7da24f13ae05f14907dc711	5870
layer-00002-experts-0000-0127.safetensors	e50f19bc1547c83a18d278b5b7c1cb544d76ee1a9487ee16be6e2af7a5135244	354098208
layer-00002-experts-0128-0255.complete.json	90755a6c446792f01bd487d5ffd4347dfa749497	5872
layer-00002-experts-0128-0255.safetensors	76671caa9d6bef00bdead734b3b325aa08091ba3ff10df802ab3a8299cb4380e	354099528
layer-00002-experts-0256-0383.complete.json	deb90bbc29c3d08b9c5c93e54deb5576778ef79e	5872
layer-00002-experts-0256-0383.safetensors	21170bf6d48641a8deb3b72c91a92386361ac15071cb96bc8c3ec60dd4c1428c	354099528
layer-00002-experts-0384-0511.complete.json	6770379c0bed366c6898a3cfb449211ae6842273	5872
layer-00002-experts-0384-0511.safetensors	fc02c5de9f8be6cc33c8b9426022ab3af2e8de71665d75b49863e3c4243fd3f6	354099528
layer-00003-experts-0000-0127.complete.json	3395083b72dd216b74a8307eeffaf489ff4621dc	5870
layer-00003-experts-0000-0127.safetensors	81a41d71d0405ce057ea78c81fe967cda0e4df89b70eca587306798007aae674	354098208
layer-00003-experts-0128-0255.complete.json	b9064ffd7119321f2817496903c72ead41427e2f	5872
layer-00003-experts-0128-0255.safetensors	13d153729652cba5f9f33eb5f7cbc4c2696453d5d7c125b451a5b04319cf8c02	354099528
layer-00003-experts-0256-0383.complete.json	d0bf6ec5554c0041a43e9320f111facf03a9d6ba	5872
layer-00003-experts-0256-0383.safetensors	000bb3a3a9148a08cd12ecfb308fc9dc565026aff9fa3f6a39e300a91d21e463	354099528
layer-00003-experts-0384-0511.complete.json	c0b6f7a99cdbd9a3634275cc490e8f8cc2fad5a3	5872
layer-00003-experts-0384-0511.safetensors	e27cb3b27f029ec5c18d78cea549f7939336894c2ae01b0b4c174626f639201b	354099528
layer-00004-experts-0000-0127.complete.json	3f473aa4d107531b6cddc710d621ff080cc8a55b	5870
layer-00004-experts-0000-0127.safetensors	e784a5b42e35615d3f2eb8ab264ab6d1498e3e8791076b3b0a1c34f3eac9c8c6	354098208
layer-00004-experts-0128-0255.complete.json	f58396926880ab214a21fbf70b26b75223423a6c	5872
layer-00004-experts-0128-0255.safetensors	2479cc9a39ff2648f9c225ade0ce635ab7393662793f7097ff0f502a9b0e44b2	354099528
layer-00004-experts-0256-0383.complete.json	734b97f267a6b9ce11b0effe758580b141b3af9f	5872
layer-00004-experts-0256-0383.safetensors	4926bf02da40ce2adfb2c2e06325b81340d91589aa7c383a8d047bc499c8f573	354099528
layer-00004-experts-0384-0511.complete.json	7c0cec973ddc0c808e8c58277750908b319e17bc	5872
layer-00004-experts-0384-0511.safetensors	a05a14cd5e08b38074b35b39e4c961402827d3b9e4737df4b76fc338483859ab	354099528
layer-00005-experts-0000-0127.complete.json	60720f4dddaf5084fff3cefd2be66b1712d6ac62	5870
layer-00005-experts-0000-0127.safetensors	912811df1ffc0226b3a21f42fdd5e979d448a2bc329321087eaa87553aa9d1df	354098208
layer-00005-experts-0128-0255.complete.json	aebd39b31324de4554173c6a1b0013443f5485b7	5872
layer-00005-experts-0128-0255.safetensors	e76dace09c68bba7d573f688958c1ab79c2790666dafa3641067168ec189b361	354099528
layer-00005-experts-0256-0383.complete.json	f6e01d8613e292f44b5f5f15dbad651d8b3748d3	5872
layer-00005-experts-0256-0383.safetensors	ec950a8a7013a2904028f6aa450fe321f38d1a97483d3048f3824794287f74da	354099528
layer-00005-experts-0384-0511.complete.json	edb1e9962445588823c3c68c81126374c9e64dca	5872
layer-00005-experts-0384-0511.safetensors	7a7dcfd32d7b27221d4595343462d475093d45c95705e0eb51117bfe4c42906b	354099528
layer-00006-experts-0000-0127.complete.json	56db9ea6eb859432e8a72e0af0e970023af8095e	5870
layer-00006-experts-0000-0127.safetensors	933a455efdb7de629b707fa58d2ea93af64c9d289aadc0907993d0eed364e70e	354098208
layer-00006-experts-0128-0255.complete.json	b35f1e1c1c208456bac6c0309f1336c98e0fd682	5872
layer-00006-experts-0128-0255.safetensors	09d9c4301048b95ef3f4cb43756c76bcf1caf181fc1f46c80d113699f9cc1190	354099528
layer-00006-experts-0256-0383.complete.json	617e82443314793b339669affa2c2d3b84a83240	5872
layer-00006-experts-0256-0383.safetensors	9a24d6de2c4044f161e296f9d8206fb732514a73a357bcc5b5aa492265050cc3	354099528
layer-00006-experts-0384-0511.complete.json	3080bc44f8dec3b6ddf1192c2ab45af841d6a0c7	5872
layer-00006-experts-0384-0511.safetensors	1b0c1b76e2ea2ad41a8be46b699119af9ca1deb6f4101e3f2766ae73c2c3889a	354099528
layer-00007-experts-0000-0127.complete.json	14b36fc1714fd92805ef3e05793d5f35bf76a0a8	5870
layer-00007-experts-0000-0127.safetensors	ebbf7d1038139ede10a6d51024c8766f2d41f14550cb8fafd8c6870f11f73dfb	354098208
layer-00007-experts-0128-0255.complete.json	7b84b0fab2313929e1f7eca3ee20e84a7ef63b64	5872
layer-00007-experts-0128-0255.safetensors	5d0d93dbe8accb9934ef2dd1b46ae16016378c87e0fce1b67cf76c05fb042f27	354099528
layer-00007-experts-0256-0383.complete.json	eff12003162dc5843c15f7544b3da7eabce8b3a8	5872
layer-00007-experts-0256-0383.safetensors	edcca3b3819218b11d747f5411d889e79ae8cc8cd4e87842a09ef630e874b2dc	354099528
layer-00007-experts-0384-0511.complete.json	43aefa9d6060521afe8f60f35a0587e57e27e492	5872
layer-00007-experts-0384-0511.safetensors	521779414bc473815c661931323f75012165e5d59256eb31a7d88f93fdf931e7	354099528
layer-00008-experts-0000-0127.complete.json	abc2bf194dc7b54e43a72f8c634a7d7bfa235331	5870
layer-00008-experts-0000-0127.safetensors	5070037b26df8c3d87a13248226f2fe1bd1312e8ec7933ad95071f5591a49f0e	354098208
layer-00008-experts-0128-0255.complete.json	91ac652baafa73d8462905467baab7fa4419554b	5872
layer-00008-experts-0128-0255.safetensors	29063412c01ee9c8eec38bc5028eab090e85339219114ab193cc3577c032fcc8	354099528
layer-00008-experts-0256-0383.complete.json	9dec05aee9b876b9524d04a68677ce70446f7893	5872
layer-00008-experts-0256-0383.safetensors	999422559453720ac35c64e46ac30b5c8427a5c8e2c694831369b4b29920bc21	354099528
layer-00008-experts-0384-0511.complete.json	aefce07c13afa8283147c1e59b06660c28c5a8d6	5872
layer-00008-experts-0384-0511.safetensors	6fad6ce894124a7d74f2a34a82954a2cd1128206dcace823e63af7788f023980	354099528
layer-00009-experts-0000-0127.complete.json	b0a0d21a9a7ba55785d61d2fdf4ede34cc48567a	5870
layer-00009-experts-0000-0127.safetensors	90ef8f76c7415a1ca69c4bf8b64135f5ee27d42b2b03a6af1556daf084a3ffcd	354098208
layer-00009-experts-0128-0255.complete.json	3d4c8775e8088a4afdcde0d5befafa16d0c03863	5872
layer-00009-experts-0128-0255.safetensors	75edef05364e8d6d89da56111cbc0ee6a7ff70b61f6d63c7ec7dcdf5b0db801c	354099528
layer-00009-experts-0256-0383.complete.json	d36d48d4a2e762f5d6fd34d8b7b6dbd0633e4040	5872
layer-00009-experts-0256-0383.safetensors	56f9f90923efeb3e05a9ef7e086826cebc1eb3a4f62d628a3501596f20c623ce	354099528
layer-00009-experts-0384-0511.complete.json	798e68c3e89b07571ca673ef6e52bd5e110d2a84	5872
layer-00009-experts-0384-0511.safetensors	4094286ed6b1518046b321d70bab660d33eaa285cbd275ca1b5d9c687c986121	354099528
layer-00010-experts-0000-0127.complete.json	9116daafa64a3276852313de644979e466e9dade	5871
layer-00010-experts-0000-0127.safetensors	68a4532a1432712d21c09dae384dfaefce7f68b4e6be3528571676a8bede2960	354099744
layer-00010-experts-0128-0255.complete.json	a1a1c1d80c68ca2550de491a34ac2d04b4743301	5873
layer-00010-experts-0128-0255.safetensors	ad652e49701dc1ebb7fcb6189dd60c09966dacab32ac5c30184992bc9cc9f025	354101064
layer-00010-experts-0256-0383.complete.json	daff9ab53ef6c851ac5cee599147e28e796b2f44	5873
layer-00010-experts-0256-0383.safetensors	88b8cd2a04946087315f4f7354a9c229689c494c99a1a6e63e2a5ef155db6b7b	354101064
layer-00010-experts-0384-0511.complete.json	a2099ce9f3dd615305547f47d0ed60311207e19f	5873
layer-00010-experts-0384-0511.safetensors	19596339ee4ef575452cfa2d2aece12c525fda94308b7d6893eb317fe65ba759	354101064
layer-00011-experts-0000-0127.complete.json	ffe6c44c32719717a27bf9acb078c5f8e1ca276d	5871
layer-00011-experts-0000-0127.safetensors	b6200a9b68496dc61b705d29b2b1ea1b7d13cc516edcdc14cdfe98d7cfef0730	354099744
layer-00011-experts-0128-0255.complete.json	8a1a9d4bb11815bca0204fa262e63844ea2c72eb	5873
layer-00011-experts-0128-0255.safetensors	bc879b9347d0587157ad96c7cb056675996f3fabfcdb9465d4883ec5eb443f4a	354101064
layer-00011-experts-0256-0383.complete.json	2421ee9cf763952e84f84ba38ceca17f2d9ee5ea	5873
layer-00011-experts-0256-0383.safetensors	dbe5c9568538e9228baa101d1d945c3d832c87d61d63ca0baac23059859a49af	354101064
layer-00011-experts-0384-0511.complete.json	12a9394db625b4f8a1f9ad86bc06854b40db6577	5873
layer-00011-experts-0384-0511.safetensors	558b97015911a591cf5586ca5d37bc0b10eed01d2255b1669749d32b1be70e59	354101064
layer-00012-experts-0000-0127.complete.json	40119bea04889ba39d1acd4766b3cc44f17bec45	5871
layer-00012-experts-0000-0127.safetensors	2d397a091516cc731e96816a9f04ed2f91e57ca9c05f3f1e0457bb0e45f503f7	354099744
layer-00012-experts-0128-0255.complete.json	d1eafec9ff24b022169c484b6da6e2d5a49fd2a5	5873
layer-00012-experts-0128-0255.safetensors	24f7f2abfb8b767cb15b16cdd54178c3683c6d71d2f829c285b376986ae2eea2	354101064
layer-00012-experts-0256-0383.complete.json	fb0119b8dbb8af3fd666dd71515cc7b2868cc6eb	5873
layer-00012-experts-0256-0383.safetensors	4321bfe78906522316a4d0c2493872edf74c5e439cf1cf81892d51f273db0136	354101064
layer-00012-experts-0384-0511.complete.json	ddabd3038c55b19a85225bb51f8a183477bfe15e	5873
layer-00012-experts-0384-0511.safetensors	47346d69140682e1471ce33c82136014f7b21d6ba4213a7733a833479c0c7aee	354101064
layer-00013-experts-0000-0127.complete.json	f4ca13f8c17c8ff35deef35747c8876f43839350	5871
layer-00013-experts-0000-0127.safetensors	3f8fe8175f1a6b91e138909ac1c443c86d6a88042ca2ab50b9b11bd51cadf834	354099744
layer-00013-experts-0128-0255.complete.json	3d7713fb3c8c7985cd52b854a8599f99ab798d1c	5873
layer-00013-experts-0128-0255.safetensors	62b0b839555207d96c894c4110a9aa757e34b756b6b9553edce24fa8d74faec4	354101064
layer-00013-experts-0256-0383.complete.json	e9af6a8c8e8504cb9c79c544e31e4ed093fb8022	5873
layer-00013-experts-0256-0383.safetensors	7c7000b3619b91b2a30ee3d451180c431747ecf15e14fc1de8d4c4582356c0de	354101064
layer-00013-experts-0384-0511.complete.json	1875d6b680f26fae384a8dd34f21c349dbed5052	5873
layer-00013-experts-0384-0511.safetensors	0eafff8f1fa3d84cda08d8fba633ae4ba3428c710792be00704e014a5132d1bc	354101064
layer-00014-experts-0000-0127.complete.json	c487b2a8c9e38d9327ccb05dc4deacdeef485e39	5871
layer-00014-experts-0000-0127.safetensors	3bc4d5fc2a77321dc1873246c3a472f8c1b5314feff2522254fa2f299f78e2e5	354099744
layer-00014-experts-0128-0255.complete.json	a436a07236ad0f75fca2fc3d41ed9eecb003611e	5873
layer-00014-experts-0128-0255.safetensors	b823e0cee319b619968acaeba80c8b18d520ae9fc178cf4724034338c46c7d57	354101064
layer-00014-experts-0256-0383.complete.json	4fb3a3f01450f6d9174d002c26cb4f35b657e33f	5873
layer-00014-experts-0256-0383.safetensors	58a262f85cce6607232a9ccc67bdeaeb2872139b9c22877241d54ad2cd98c834	354101064
layer-00014-experts-0384-0511.complete.json	6dfbf0a510205fbbaebe63b55f01c25c47e4920a	5873
layer-00014-experts-0384-0511.safetensors	c2f1a5e3401305b6270cb5a5dd9721143e4470da05f70004ae6b57c978a193b8	354101064
layer-00015-experts-0000-0127.complete.json	f657c6400be959b092650162488e6c00e13e59e9	5871
layer-00015-experts-0000-0127.safetensors	567cc35e0ced101973b5d92aa384779b6cc1006199f52314e9d4cd9cdfe273b4	354099744
layer-00015-experts-0128-0255.complete.json	c67bcb5f1076669a7af0f1fffa976db30adf403a	5873
layer-00015-experts-0128-0255.safetensors	b5eabab058dc2195ed5594ea8968e2f2ed5fc8d92d39961d24a42ddc9fbe2506	354101064
layer-00015-experts-0256-0383.complete.json	cbd7af9419a89b463ddff968f2083f21ac555a0d	5873
layer-00015-experts-0256-0383.safetensors	0673c5fdce8dd6104a88b3baf9e27a29ddb147009af2f48556ddc03e91561b68	354101064
layer-00015-experts-0384-0511.complete.json	2a6155de1305e248763d2267b4d53727357eed54	5873
layer-00015-experts-0384-0511.safetensors	4b9e16bbb6f34671fce3cd3627ef0cf1a542095c46bbfa4967c7fa191772cc57	354101064
layer-00016-experts-0000-0127.complete.json	a6a62791679eeda4502b8cec0275cb70f1f62e01	5871
layer-00016-experts-0000-0127.safetensors	549cf0a240c5bfc08c5134e4477d453a19a90afee0baabbead88cbd3d32556ea	354099744
layer-00016-experts-0128-0255.complete.json	afb8833abc6a810d6725effcf711cdc46a222e17	5873
layer-00016-experts-0128-0255.safetensors	508331705c85d792a8f2fbd7344cd6f05f98fb0851fff79e4ac4b48a4c7150df	354101064
layer-00016-experts-0256-0383.complete.json	fbb47550621df07a66882b8eb8e7e28bae027275	5873
layer-00016-experts-0256-0383.safetensors	23e3d1654fff408816edb1192268736c2a58090e0dc6f8f931d407e98f611cc3	354101064
layer-00016-experts-0384-0511.complete.json	8f550d6ad1cd543419e7f9ffe3d30a2bb820e109	5873
layer-00016-experts-0384-0511.safetensors	e5b5709cc3799ca076cafcf64b6f7ad1eb5820cf64188d9dc92f13888006fdb5	354101064
layer-00017-experts-0000-0127.complete.json	7f9e5873f9e91786953ca0dc1c2a14dbf3b5ec8b	5871
layer-00017-experts-0000-0127.safetensors	c158fc5bbf96cc64e8fdaa1be1fa0d12df5da6048e5236c2268058fe3560c700	354099744
layer-00017-experts-0128-0255.complete.json	15ec2260cfb7515b89b1db4d68ffbe20258d3649	5873
layer-00017-experts-0128-0255.safetensors	168581b524e2b6937405c11cf227a917ca7732a907a9e2c6f28e5a18cc8fe40f	354101064
layer-00017-experts-0256-0383.complete.json	698948ff546e61c0a74c90944da9a74e301e948b	5873
layer-00017-experts-0256-0383.safetensors	d3b503750fe0829af5171372c5a90d106694cc85f9518420fd82e7a5a445b3e4	354101064
layer-00017-experts-0384-0511.complete.json	cf361bdd5ae408e9a843f54972a8b1b643a3256a	5873
layer-00017-experts-0384-0511.safetensors	37beff318fcd350d83f3a841a4864c6e466f846b9691f7b6fa87f189328b70c7	354101064
layer-00018-experts-0000-0127.complete.json	5f9f75fe25fafc5504680bff05df676a39012931	5871
layer-00018-experts-0000-0127.safetensors	b80b8151e21d27ed41f9e64a383469db85f982ce10a0be76b2b3053e7539a5a5	354099744
layer-00018-experts-0128-0255.complete.json	5f4034c93641f1a3b5dab3943b13647ef728d630	5873
layer-00018-experts-0128-0255.safetensors	c3284c528f0c2083ef72dfce27c890fa31286e6c3c0636183edeea3bce1f96e5	354101064
layer-00018-experts-0256-0383.complete.json	ed32433b9d040c651fe52995053de7fee837b563	5873
layer-00018-experts-0256-0383.safetensors	940ff868de9b0bae4184cccf7cd410aea022df8fe5f1aaaa3c7946e9a7d3473e	354101064
layer-00018-experts-0384-0511.complete.json	569aa9af5ba4cc9e45c1f3984d669f6db9f111e2	5873
layer-00018-experts-0384-0511.safetensors	861632cf423d474282da4e967d9b1dadafc8bcdf5232553d5d568d8ac3b6e72c	354101064
layer-00019-experts-0000-0127.complete.json	bc0ada9c4ec4153e6d7bd23b7027a50b4568f1b3	5871
layer-00019-experts-0000-0127.safetensors	b169c46264cedb7ab0223f361dbb64f13abd8dd36a75935ea47fe17634d6db5d	354099744
layer-00019-experts-0128-0255.complete.json	2abc0ea34ec2a712c33075069b366862d6fe5a72	5873
layer-00019-experts-0128-0255.safetensors	60068e4f6634e07d1e9ce6d1f64066e91cb832655e42002e263cb194beede0b3	354101064
layer-00019-experts-0256-0383.complete.json	bbe8276903ae05a586c342e1fe713cea2c2685c1	5873
layer-00019-experts-0256-0383.safetensors	4526078c89f23834251b8b449a4c5b35b8de4c5116adf204dbb7476c089242f4	354101064
layer-00019-experts-0384-0511.complete.json	820568276a7c6853f176f841b1020ff212efbade	5873
layer-00019-experts-0384-0511.safetensors	23bbff916cac0b589920a1cfa689a4feb30b09bae71d62298554c9caa614c14b	354101064
layer-00020-experts-0000-0127.complete.json	85fb79e8e023112c55523ab9f6ea202b7293dfc4	5871
layer-00020-experts-0000-0127.safetensors	3f60eb3bf1c5ef04894b50cd99d064cadc9e836c340c576b230f753867dce9aa	354099744
layer-00020-experts-0128-0255.complete.json	8bf1d363d875c00a4264505242235a16a5b3c861	5873
layer-00020-experts-0128-0255.safetensors	9f335aa65fa587e99342dd607277c0d6e2672f1feb3cab3dd93bc8f303804ff6	354101064
layer-00020-experts-0256-0383.complete.json	7ec1549a095b36ee2a777efc747dcb877238965e	5873
layer-00020-experts-0256-0383.safetensors	3c5b9f9e8df064c205187b1ec733b6b0850f11a75020960357a55102fdbce8d5	354101064
layer-00020-experts-0384-0511.complete.json	f4a1c9dd2bfcc6910e52ab9f3e14a8cd38214386	5873
layer-00020-experts-0384-0511.safetensors	2642d5d728ff4985abbbdaf086cc55e374c3459c9e7a4ae693ed6db5a013ebce	354101064
layer-00021-experts-0000-0127.complete.json	1a4aad7b094f9cd56ea8cdd7690117d2fa4de3b8	5871
layer-00021-experts-0000-0127.safetensors	93227a3733f1a851eb36543f4b7df765869ba56110acf8966ed0e1118b2296c3	354099744
layer-00021-experts-0128-0255.complete.json	3676540eec0a3d5cc6ad8e588ac68fcdcffb3e8c	5873
layer-00021-experts-0128-0255.safetensors	244185aaf74c55b9ce74c789b500691983d7606cf22579fe6d5144e205063110	354101064
layer-00021-experts-0256-0383.complete.json	e85b31e7628e7beb66e98e9d33a37f5b001bc272	5873
layer-00021-experts-0256-0383.safetensors	a542ae04a12af360987efff19022cdb3c23c66eb4336f12f9798f858c3e7fe9d	354101064
layer-00021-experts-0384-0511.complete.json	4af66242b14ae940d894ae24add2fa3a15e28474	5873
layer-00021-experts-0384-0511.safetensors	a7437f07bb1eb8901f7c304e396efa6bf5ac7ed63c7eb0e193ab58736bf7161a	354101064
layer-00022-experts-0000-0127.complete.json	8b1b5f06d94e3bf824fb73759088732ea63fba3b	5871
layer-00022-experts-0000-0127.safetensors	8dddafa23e0c34888775e566b0c03591e7148049d9e96402b23b96e43e17120e	354099744
layer-00022-experts-0128-0255.complete.json	798bf210da83abfd9b0e6db2ffb5cfbb36ac49d8	5873
layer-00022-experts-0128-0255.safetensors	1f12162297cc4967a14531b5ce4323107062e28b4e043ff326a6597361ec5e66	354101064
layer-00022-experts-0256-0383.complete.json	bbe48577b392940e62618ad3bd74df690abf663c	5873
layer-00022-experts-0256-0383.safetensors	b9df10513e1aa7a3c32934b0ee572b3d2f81b43bd8f73186e3779658b93fb96f	354101064
layer-00022-experts-0384-0511.complete.json	b40dcc8b78825c332e6ffaa4ec8143735a1ab318	5873
layer-00022-experts-0384-0511.safetensors	93b54aa4fc9ef06cf2bf8ac295a605c125380ebd56adff36c1f68a7d8aeacf17	354101064
layer-00023-experts-0000-0127.complete.json	e789ed8b40c6c8f002980fa7b7f145e984020156	5871
layer-00023-experts-0000-0127.safetensors	b7bc6a1a6e4355016e3916a23f8060702a80db9b5a200202185ab2506509e8fc	354099744
layer-00023-experts-0128-0255.complete.json	fdf0352939b3f6c57d1224c21b4a8aa35a82daab	5873
layer-00023-experts-0128-0255.safetensors	cdec95b4defdff52735c3c14f9e6a223bc9979ac3ac2a301880f34ea79f4c1f7	354101064
layer-00023-experts-0256-0383.complete.json	d0bd7eb97d31b1802ca29d537c8255b79816073d	5873
layer-00023-experts-0256-0383.safetensors	3b0079ad9b1b18433823488c3cf37052c79a01e782fe8c7e1184e84548560225	354101064
layer-00023-experts-0384-0511.complete.json	09030386e6086dafa1fecdbd993bfbd7b6b50bdd	5873
layer-00023-experts-0384-0511.safetensors	20d44d6e85ffb0b9e939b07ac63e994cd4707ba5f4c6b3c2bf3ef66b357109f2	354101064
layer-00024-experts-0000-0127.complete.json	251eaf797d213d84e22a9c9fd0dded811ce95af4	5871
layer-00024-experts-0000-0127.safetensors	08750c65b4c40c65bb45b4fd4e5ad6255b89f29f3ce203d002643a65df5c343d	354099744
layer-00024-experts-0128-0255.complete.json	48bc0e04aa8c44602a4eb99af22423981e4e89ba	5873
layer-00024-experts-0128-0255.safetensors	defd82e8300c9fceabb5cfd321327471050a5c42876f855c3f428c97cc0797e3	354101064
layer-00024-experts-0256-0383.complete.json	3c66c0b7fb797fa4d667c23f78a6a6149ef0da76	5873
layer-00024-experts-0256-0383.safetensors	1df6e0ba920a67ea4a30efcef8f24abd8407687d40db7d0f0dfda7f7a223371a	354101064
layer-00024-experts-0384-0511.complete.json	8c4d1418cbfaa1e5fbf94e5aeddaab8bca0b4216	5873
layer-00024-experts-0384-0511.safetensors	99ff047c10b039d8b2c29959158f30dda36d88bb727dc8901a3a72bd616c8146	354101064
layer-00025-experts-0000-0127.complete.json	a4495fe6aba46b3f13e669294868c1c266c7d172	5871
layer-00025-experts-0000-0127.safetensors	193bd0313811df798e6bed2773757f5bb51987acb5f675d830576db1f79c6c86	354099744
layer-00025-experts-0128-0255.complete.json	0dd258328a455442d7c5a4d325c5384028dca91f	5873
layer-00025-experts-0128-0255.safetensors	e476c290b5beeba1c39233f03b78a695789b5d108a1af2a71781d75f1c872708	354101064
layer-00025-experts-0256-0383.complete.json	28d6a4cc99d37db904d36d6b4f860813f1daebbb	5873
layer-00025-experts-0256-0383.safetensors	1ae4130404619dedea46db458a5d6ddab15e58064b48001ee3d0696c3742d265	354101064
layer-00025-experts-0384-0511.complete.json	2d3a8eaf447f66f47b16e1bda107e62799374174	5873
layer-00025-experts-0384-0511.safetensors	17a6ac277c4b1357da4afab1e394fb1e1e99be2553a33ff98a3a9251818a256d	354101064
layer-00026-experts-0000-0127.complete.json	ae39297519614921a3fb0a2e20ffd6b6aa467c2f	5871
layer-00026-experts-0000-0127.safetensors	1bf688d4658c7dbe186793a2b3944ec1a1a1effbf0b91d0dcb137f4e4dac249c	354099744
layer-00026-experts-0128-0255.complete.json	506c38f0eaa3ccf75bc41e95e51c8f2b4b55d54d	5873
layer-00026-experts-0128-0255.safetensors	234aec40e56b29ca1ea38f5483ce7a2aacdea5e3377d76417a6c6e5e710d2bee	354101064
layer-00026-experts-0256-0383.complete.json	8f67d00fd04c6ff3d6e884744e3904669e0ab725	5873
layer-00026-experts-0256-0383.safetensors	64093f5572a8ddefc149f7385b916a5c032c87ec3511dca7087f4484a349950d	354101064
layer-00026-experts-0384-0511.complete.json	43d6c6b5b79f0d6439a9da12c82bae80af96f913	5873
layer-00026-experts-0384-0511.safetensors	2421857831c4cd4ea4b091b0128f30012e90b9747514bf89d81d5f3b30ed4330	354101064
layer-00027-experts-0000-0127.complete.json	42db2e428aa741b060fde122d209ccd987ac2e9a	5871
layer-00027-experts-0000-0127.safetensors	2782b3eb51fe5ae4e95865c330e9a36d0d8e8d1e46e1b07ef3f34e6cdb2aee05	354099744
layer-00027-experts-0128-0255.complete.json	6a1dcfa68db9e7e4f2a72053656056f105a0cc81	5873
layer-00027-experts-0128-0255.safetensors	2ca1523a585acba2383abb9e7ad1f46ec92df4c81dab7ff0f929ff0220e73510	354101064
layer-00027-experts-0256-0383.complete.json	2f2ecf57af1d3963173f0da68a485223495dc0dd	5873
layer-00027-experts-0256-0383.safetensors	2da2e96a25e3af4a8f66e6e31196c2e897f792a4d5aa31a3ba2013ec7a9b256e	354101064
layer-00027-experts-0384-0511.complete.json	f36e5084dc3ee87eea61fdfd3485b832048af9de	5873
layer-00027-experts-0384-0511.safetensors	31f7ab38d0035b96a0c8df3fa001edd87a9dcd4321c9fafc262fe52bc490029b	354101064
layer-00028-experts-0000-0127.complete.json	de81f8165fd3857fc53fd147ef963550cd71ec3d	5871
layer-00028-experts-0000-0127.safetensors	34e51dd4f3f802e6093f76ccfb2bfae6d6c4edc0bbc4372a2aeec089bdffbf4f	354099744
layer-00028-experts-0128-0255.complete.json	c07e8aa252278991e8360013ed2eea3ab90e6076	5873
layer-00028-experts-0128-0255.safetensors	f04304ba3fd5e27093ffa3448f320004ea3777dfa04b883a29041e79dd5149d7	354101064
layer-00028-experts-0256-0383.complete.json	9d9d491edcfa86e24b7a7a8e07e7687961e2dd0c	5873
layer-00028-experts-0256-0383.safetensors	1b4279f0e6c4f33e614f3096dce0d46460f735771d22e7a17235162db3a524d6	354101064
layer-00028-experts-0384-0511.complete.json	6a1f1a7f4b881181c51d29b166e3e1e7db72cd89	5873
layer-00028-experts-0384-0511.safetensors	9ca3cc8d3116b7c21c46bc29d39ffc611be1173f6259024270553b379cbe87a7	354101064
layer-00029-experts-0000-0127.complete.json	f6094faeeae4baf829b05394467a453400dba083	5871
layer-00029-experts-0000-0127.safetensors	c234e5b5b535e3c4bf019b11aefa152d615e4ea2709b9bc69d1b8f6d749e8689	354099744
layer-00029-experts-0128-0255.complete.json	1f6386032e47845aa5ad82131d3ebaf843ed5d97	5873
layer-00029-experts-0128-0255.safetensors	c753cdab380aafb7402fad4cc5df30a79a2fcf2f9c3455b910721804880fd1ad	354101064
layer-00029-experts-0256-0383.complete.json	603fbcb053e146f412b8837dbdbe92cb784f7e0d	5873
layer-00029-experts-0256-0383.safetensors	90a299234ec3a99318d21c678399afdc4f31c3b4186b3ba879cc1cab939a8a30	354101064
layer-00029-experts-0384-0511.complete.json	67bd56ef9504ebdeb5f0d282cc8fdc13a52b07ea	5873
layer-00029-experts-0384-0511.safetensors	199194fa12c33b3ce6ebdf12283d544aa881ca04e976849c71bb4f95de4928e4	354101064
layer-00030-experts-0000-0127.complete.json	2a6efbfaeb85c4fe0fdc0c9e999e05f8de55b0af	5871
layer-00030-experts-0000-0127.safetensors	09ac224ea1329677f5e6b45c042c01f3a024788e0caca1333c80d5b0d1d465a9	354099744
layer-00030-experts-0128-0255.complete.json	95193359f6b5dd9800eaa55991c77ad237a276d3	5873
layer-00030-experts-0128-0255.safetensors	f825803df1f7cb6eacc59891244cfd471f99aace90d50beabc67a2e04e6f759c	354101064
layer-00030-experts-0256-0383.complete.json	e11f5b426f9ada9f6b87cc23e0238ec0b447f755	5873
layer-00030-experts-0256-0383.safetensors	8f6753ddbb0f37b6e0574cb50ff9482d23582f7ca3075cfadaaef9860db023d8	354101064
layer-00030-experts-0384-0511.complete.json	e0c4b6321372abbf9b8fa79de878bf388e68acb5	5873
layer-00030-experts-0384-0511.safetensors	1ca4e72c3dddc366a4cf8dd994dee03dc46c0b8e1ffe53d6478e00a46107730e	354101064
layer-00031-experts-0000-0127.complete.json	cb16cae2bb5a69c85695889d2f9b84f1645afdd6	5871
layer-00031-experts-0000-0127.safetensors	e0b10583cee6577735ee1d3cad89d5503fce19b1c0cd58ecaf33192bd69f03ad	354099744
layer-00031-experts-0128-0255.complete.json	41a103c482523a883c3ffecb0a4c8d5a8b5bd755	5873
layer-00031-experts-0128-0255.safetensors	9a85f4d1860671e6cd7f5ab559facea9c0efdfc78c2a4fc3e0345662e987296d	354101064
layer-00031-experts-0256-0383.complete.json	80bbe57dca32f2c0700c4707a32e94cc9110f0dd	5873
layer-00031-experts-0256-0383.safetensors	382268f75b5a3c0a7e3de912985838b42cc6b4c72718bc254d18cafb14adf425	354101064
layer-00031-experts-0384-0511.complete.json	a8194b549a9ef7d12b747ce1259cf27015b592e5	5873
layer-00031-experts-0384-0511.safetensors	7da4d40aa6fbeaaeddcd19d8a0dde214f3ce96f896e04cb80f3672f89338df15	354101064
layer-00032-experts-0000-0127.complete.json	f5a3bbf3acaf0944eccfe9dce3c9c24d3a570f1b	5871
layer-00032-experts-0000-0127.safetensors	ce63cd41815193124b34e8f0a4206a2d1d5483eac1ace84106ee009a51f4ec14	354099744
layer-00032-experts-0128-0255.complete.json	1ac4fe58fcaf41b0e7f5b81de300376638cc5ca5	5873
layer-00032-experts-0128-0255.safetensors	576b8243444fb8f307cda8207cd03647d60ebde51503952915f67734b913d62c	354101064
layer-00032-experts-0256-0383.complete.json	b3df19ef6d1c2cd8ab2dcef362a4f14d7962f908	5873
layer-00032-experts-0256-0383.safetensors	1e9e15cddbf992a8defa7d20055795ad8ec2ee85e6dbac1a55afc393ddd72ca0	354101064
layer-00032-experts-0384-0511.complete.json	4bbb6004ab0a41d312083cd328be81a0ed2e0a2e	5873
layer-00032-experts-0384-0511.safetensors	f7c42fcd6d54dfe180e70664c2169b91b76c6347f51febc2bc28ae105d7a427b	354101064
layer-00033-experts-0000-0127.complete.json	58a88b69ddc0317b7f8bfe1abf6bc407a9295a83	5871
layer-00033-experts-0000-0127.safetensors	ba0a7f73f57af2aa3cf4c2fd50b6533cdeeb2c02de9d1e902f305bb3946f76c3	354099744
layer-00033-experts-0128-0255.complete.json	ffd649ca5bedd394a0ba3fb5a0211abc8bfefc7d	5873
layer-00033-experts-0128-0255.safetensors	806419069af5028e7cebf5d023adf52bc2b56fa5f1c972bfd26b9ad0df4fab18	354101064
layer-00033-experts-0256-0383.complete.json	11ba806aa486f9236fb3ad6447f131bc2649016a	5873
layer-00033-experts-0256-0383.safetensors	9ecd76884ac0db2df1ced1ca7f7b756e74c7aca67ef9a34f5d23e041e284ad89	354101064
layer-00033-experts-0384-0511.complete.json	ee73b2f1c93e143342bb14db04e676eeea61b68d	5873
layer-00033-experts-0384-0511.safetensors	6d4558b6cf22f515a3ea9cd409165b5874feb7e18b9b6e0945ffaa88f45ce453	354101064
layer-00034-experts-0000-0127.complete.json	d3c6ba5d2914ceb0e905c3b3d830e1a107d3b62a	5871
layer-00034-experts-0000-0127.safetensors	518e346dfa56a49667f04cf604404af602c481216ce319cb1bb6baa9b49b333b	354099744
layer-00034-experts-0128-0255.complete.json	cb768686c644dc4eccafdb64a34ce3e037d08c1e	5873
layer-00034-experts-0128-0255.safetensors	23fd381f089ca5ba0c73bb78eced8d52a518ec473f969dbd795e506739567318	354101064
layer-00034-experts-0256-0383.complete.json	92628e06afe98dd2320c41633d889b0637de66cf	5873
layer-00034-experts-0256-0383.safetensors	849667349cf940a7e86c6905a84b7fd7fb55d511f825c4e6a653d2150c9f92e4	354101064
layer-00034-experts-0384-0511.complete.json	bb53f00d9f4e11e7a81d47507b41435d0198e8ab	5873
layer-00034-experts-0384-0511.safetensors	e0c883b155b1c6fca9ce36984c08f87ecd758bde32104d3ef9ebcc1d02b3823d	354101064
layer-00035-experts-0000-0127.complete.json	b57a6b50d2acfd70c24668fa3d33bdaf342fd2df	5871
layer-00035-experts-0000-0127.safetensors	ecadcb5e6d2f6143b0d15d778b668da783556a85b42befd7637c9978fd3bd77e	354099744
layer-00035-experts-0128-0255.complete.json	6eff0c821948f4e56871bcf749701d2fa3f84e66	5873
layer-00035-experts-0128-0255.safetensors	c91a550feeec731332d0e97e855311a28c92df4fc3bf974cc6ddc00b5c0e12d1	354101064
layer-00035-experts-0256-0383.complete.json	200edc0c41760d1bee2d49200579cf408e1afd52	5873
layer-00035-experts-0256-0383.safetensors	917fcc655a0effc987d27587df3e62130ad530aa6bea96aefe6cede4bd7debff	354101064
layer-00035-experts-0384-0511.complete.json	b3c21d0240f15f7f568f74d78fe8dedd08ea1006	5873
layer-00035-experts-0384-0511.safetensors	ece021a3df0741cddaf89182b41e06febeb460052689668fabc6dbb61ad168b4	354101064
layer-00036-experts-0000-0127.complete.json	24971165be01bb154271f39bf3d3de550682977e	5871
layer-00036-experts-0000-0127.safetensors	388bd0564300638b5c9bb6e125c6d5c68a33902e233b9c7821539990345e344a	354099744
layer-00036-experts-0128-0255.complete.json	571b416e40629d7c12763c031406fe4c884cbce5	5873
layer-00036-experts-0128-0255.safetensors	57bf69a35e9465cd41ef8515e0bc3fe1bdc219609346469b0e3c4b0dcd3a4cb6	354101064
layer-00036-experts-0256-0383.complete.json	af14f1110923e4219d371887a67c97e8240c36e4	5873
layer-00036-experts-0256-0383.safetensors	d4da83c4ab407187c8deb681b4253f52bc073c3b80b6ec46ea46b8c1ac960c82	354101064
layer-00036-experts-0384-0511.complete.json	e9432383b3de3859b6ea78675537acad2c47b391	5873
layer-00036-experts-0384-0511.safetensors	c977ab88b65759b93d7895902a9b58c703d8a8f86679490684b3fcbff81118bc	354101064
layer-00037-experts-0000-0127.complete.json	895d54aeee83ce4d1adc8f02b3c75235a071988b	5871
layer-00037-experts-0000-0127.safetensors	b65f84bbf3745538804b78b6e6f57fc1e2cfbcf792f1c6e2645cd0d98f879ef9	354099744
layer-00037-experts-0128-0255.complete.json	e0eeb1c1f2f77e26bcc73fa31cd46f80fa68c670	5873
layer-00037-experts-0128-0255.safetensors	90fb9aeee9d52864d68476f42aa93005f83b5ed44284b0b4ef93a2ee4b9d1d59	354101064
layer-00037-experts-0256-0383.complete.json	43294a02f26ec42f5bb472f255f2e44dafd7acf0	5873
layer-00037-experts-0256-0383.safetensors	1cf68b76e59192b1949e9ee6da8bc2b57fc5cbfcd59e56b84d072bc340e5bebe	354101064
layer-00037-experts-0384-0511.complete.json	7788da91b243427859201ce300d953ee2f2b598c	5873
layer-00037-experts-0384-0511.safetensors	6c3e5d929e50ef57dea6b0e6ddbb596f478bbd8005d0a1829cdde4ec3d1378c5	354101064
layer-00038-experts-0000-0127.complete.json	2adff2972bf071d1e4aac2168e54e1d3fc1be5c1	5871
layer-00038-experts-0000-0127.safetensors	66fbdc1602ec1d7017f61092d2a79ef4b3d6669d3e79934c7bbea9dc6f1b5857	354099744
layer-00038-experts-0128-0255.complete.json	b79b4f9a5ee450a3f6ea4a0d1427342f77e0537a	5873
layer-00038-experts-0128-0255.safetensors	9e90062c4e8d2a847c4e1c4a732658382e491d50d3311b1844eb6677a608de29	354101064
layer-00038-experts-0256-0383.complete.json	778265f0057160b345f72310f0894474a0fb95a4	5873
layer-00038-experts-0256-0383.safetensors	d94b3b12e49031c484947c3638b33cd460fcf85e94d232b5860cf9e840800504	354101064
layer-00038-experts-0384-0511.complete.json	233e12ed2f8f25010dc356187f1858f9fd88d258	5873
layer-00038-experts-0384-0511.safetensors	e48b1f406d505f5743559a744a20ddc57eadd6369ee61f7b759c472e5c15185d	354101064
layer-00039-experts-0000-0127.complete.json	863245f382fdb532a96c98b936428496f04a5166	5871
layer-00039-experts-0000-0127.safetensors	2ddc77522f5bdcb2cf910732ac5400c7eb81c4cc434e904b092a2c1f0b289d18	354099744
layer-00039-experts-0128-0255.complete.json	975b7094d64b4a6342567859b4330c01b3cba75e	5873
layer-00039-experts-0128-0255.safetensors	68a5c858ded2433bc9b3f1e6f1f253761a229184f068888e672364ab94efd4b2	354101064
layer-00039-experts-0256-0383.complete.json	764aabdf274e2d2cebe4c555a00367d41c30bb36	5873
layer-00039-experts-0256-0383.safetensors	a105df175935fe92be45b56a03783fe1eef829bc432781ca735b35a2b14045f3	354101064
layer-00039-experts-0384-0511.complete.json	60e8656089f5faf7e023ab530797e3469d70a7ba	5873
layer-00039-experts-0384-0511.safetensors	6f503890fcd49194a35c6a80167ab5508f53cf41986f874ec492f38f0b1e56b9	354101064
layer-00040-experts-0000-0127.complete.json	002b44bdb8087a1a7fbf81f97d738b4eb73aedfd	5871
layer-00040-experts-0000-0127.safetensors	762c34b27295007c74d0e0da0100d9d623a7229a8f5536c21d3575cc4d626e20	354099744
layer-00040-experts-0128-0255.complete.json	bc9561c2d3b7c51a61637cfa7ab542c9b151b1da	5873
layer-00040-experts-0128-0255.safetensors	fd611b47e966171d27e39b776eb27b9c7033c374166c91b79a2175e8a8c76ddc	354101064
layer-00040-experts-0256-0383.complete.json	3efb59b8ed27c8be410e59dc530f2e6c34a54f42	5873
layer-00040-experts-0256-0383.safetensors	2fb1a10066b50789bd93e7ce48ef2d65d4a10186850d8a0260e3270cd6d993f8	354101064
layer-00040-experts-0384-0511.complete.json	5065d0eecb11f0501276e9d6fc0776f7f7fc1fc5	5873
layer-00040-experts-0384-0511.safetensors	5480dc8a605c06fcbb7b555ba109a6a04f3fe5c63176f8eeef0ce0fea5306dd3	354101064
layer-00041-experts-0000-0127.complete.json	d55e9a1f768f4e6492e79c95119e8231b94df831	5871
layer-00041-experts-0000-0127.safetensors	45d2db6be7f04188b66e5112ed11cea8c76c51a189e532bd637acc048e7d9ec9	354099744
layer-00041-experts-0128-0255.complete.json	bcf53b92f1902a9d409b0a6c191da9b5ea5b562a	5873
layer-00041-experts-0128-0255.safetensors	c81d815cffba9e7892369547efd1022564b60985992903e80e8ac389829ff09a	354101064
layer-00041-experts-0256-0383.complete.json	bf464ee1a96c1bf4e43f3d748bd434bbde609b6e	5873
layer-00041-experts-0256-0383.safetensors	861a80e534f394c1780cb956cbf80e1a94a11296f6b958e33ce7b71d731e0a98	354101064
layer-00041-experts-0384-0511.complete.json	fae4f83d8f492ec25020ac2d3f52c18d45533fed	5873
layer-00041-experts-0384-0511.safetensors	103092afac9547792b476d46d1443602e2719143801cc20441dbb5f2f07483a4	354101064
layer-00042-experts-0000-0127.complete.json	5a8d7df2c71c4e9da141003c486d2855612b934d	5871
layer-00042-experts-0000-0127.safetensors	f255b100c78bb3b8d045baee5ad85e409c626d139f6e70e935f6cee80f640e26	354099744
layer-00042-experts-0128-0255.complete.json	b0eb92ed2cef86e58db11fe6766b9ff8be87b86d	5873
layer-00042-experts-0128-0255.safetensors	be0caa2be8ee8b0a41b3095cb4556767e228c4425014112a606475dc478a8f3c	354101064
layer-00042-experts-0256-0383.complete.json	95ca516dcbbec8b83c9510a5ae4e0821a96a62a5	5873
layer-00042-experts-0256-0383.safetensors	1781ddba444b925ebbde4788232e5ec1facafe5b290f82386a0752739f8d9c7b	354101064
layer-00042-experts-0384-0511.complete.json	1d611d9547dd3f3ad4131906ccb83e5fbb5d42f7	5873
layer-00042-experts-0384-0511.safetensors	747efaca036ab0e82eae83eebc41704b1435976771cb0ad2988fe9f0d0949566	354101064
layer-00043-experts-0000-0127.complete.json	0c38b287f3bea929f18676fece88f3fa247973c7	5871
layer-00043-experts-0000-0127.safetensors	4f4a15d21467099a816bcc928602d969b84f01a3411d37c70be01c415281e662	354099744
layer-00043-experts-0128-0255.complete.json	6376b49c8dd1264ebb3fa3f96b45079c3fc50e28	5873
layer-00043-experts-0128-0255.safetensors	9255aa9eb41a4cb8a7453aecdf6b76a998ad673f452eac4fa4f8841c4c49708f	354101064
layer-00043-experts-0256-0383.complete.json	09f9e2d2556e45b7d9f956ddd811d52a07889fe9	5873
layer-00043-experts-0256-0383.safetensors	c879dd2a43ef33c4243ffcd308e504faf8bf51543ed729e6fd67015648c7fdbc	354101064
layer-00043-experts-0384-0511.complete.json	b1d345c8abd34c86c0867029133a9cf3dfa85d49	5873
layer-00043-experts-0384-0511.safetensors	1f08bd35554dad5e49198d20fd3cbe855b646b676813ceb41427f12bbcca64cb	354101064
layer-00044-experts-0000-0127.complete.json	bb6bca2d793ff562625b70f9cc46f6850905dcf5	5871
layer-00044-experts-0000-0127.safetensors	43ba77225aedadb59ed3fd3f8fc3851732754ce3668a596b7ba915ca117b079f	354099744
layer-00044-experts-0128-0255.complete.json	b083881f65090e7940d64cda4f22b05ff806973e	5873
layer-00044-experts-0128-0255.safetensors	9ac895c194e7a03ac64e191a4a05d64e71360fe256076a6b7bf13d79a8246498	354101064
layer-00044-experts-0256-0383.complete.json	fef65b9b1e1a184f63c3d1606b022d7cdb7a889b	5873
layer-00044-experts-0256-0383.safetensors	7b88df75d991390e29bd22277101df43fae3c8814e2ab475e6c8f4c37b920fb2	354101064
layer-00044-experts-0384-0511.complete.json	56333a211ce575210852d8fa36588ae963c7f70f	5873
layer-00044-experts-0384-0511.safetensors	e91039a72f3441d56ab33ba282ced4a19e6bdd304330668bbdc7a9d33a4836a3	354101064
layer-00045-experts-0000-0127.complete.json	ab5d708ccd2585c7fa929d6d4d25d33aab79dc0a	5871
layer-00045-experts-0000-0127.safetensors	6b4663f20730626d814f11a50d90cc17b6e5be1dd87009e39ca4837538db54d0	354099744
layer-00045-experts-0128-0255.complete.json	c90045ab5dfeefa7d3ae16da1445b76d57b07bf2	5873
layer-00045-experts-0128-0255.safetensors	af1babf5b99606b70c8678ada7f75fca9c7db39147ea1dd54eada8ca0ec71892	354101064
layer-00045-experts-0256-0383.complete.json	cb55a11463f4b895eefa3abc6f932985f2c45785	5873
layer-00045-experts-0256-0383.safetensors	800bbc3b5b223fdef3d9279ec5264896cc1f0c06e2a6a12e923ebd2d939c9e87	354101064
layer-00045-experts-0384-0511.complete.json	dca35b7850124f903f7e4e6fd733502d80ca370e	5873
layer-00045-experts-0384-0511.safetensors	6a674a58b9aad03755c21d42a1178ddcad06d65328e290910320946839c4ae9b	354101064
layer-00046-experts-0000-0127.complete.json	fe3ebab119a1d692f6f884fdc2b5bd547a1351b2	5871
layer-00046-experts-0000-0127.safetensors	8e4e00860f4a7bd95b83ea2e31465a021fb3028ab74a39c98a15604d78ac1dc4	354099744
layer-00046-experts-0128-0255.complete.json	4c6f25e743a9377aeb11bcebe3d2a2f489df92d3	5873
layer-00046-experts-0128-0255.safetensors	bae896040e1e3ac32f30f141f4fae5e61d0deac63814eab285b16f413dfb3c5c	354101064
layer-00046-experts-0256-0383.complete.json	0b8aa13a74a68e5b11248dc9f89bd510bf98dc0f	5873
layer-00046-experts-0256-0383.safetensors	10d5537a449a1a2ed75187040a668111dfa42f13aa5dcd3686b099237dd465b4	354101064
layer-00046-experts-0384-0511.complete.json	1a162a123e05d43f852754cbc31f390c46048a59	5873
layer-00046-experts-0384-0511.safetensors	02f108a39b01e72f8c745f52aeaa93b2048d3051bbe8858d45f19dbc06056ece	354101064
layer-00047-experts-0000-0127.complete.json	c137f9332c8fdc829d772b4ec42a1d72836e9f2d	5871
layer-00047-experts-0000-0127.safetensors	ffb11d556f354b7cfbe516a48b3223c9a0b344498c36d60de384eaea9b056c33	354099744
layer-00047-experts-0128-0255.complete.json	471a0eb1ac8ae6ac8d141cb5505c9391ce564c57	5873
layer-00047-experts-0128-0255.safetensors	86625a4d2f2e5a02f149e0a02255e85593c454812708d8f64dbe974f594ff123	354101064
layer-00047-experts-0256-0383.complete.json	bbd023418164140e893dee04553f47d5795d6333	5873
layer-00047-experts-0256-0383.safetensors	49fc6dbad8e129fa444bfe0b263bd43e8b7b8625fa544c0aa95216e71e97327e	354101064
layer-00047-experts-0384-0511.complete.json	17f44f339c3df2c5c4e735f0561cc9805bc425af	5873
layer-00047-experts-0384-0511.safetensors	38d3c582a5b60166c9e6747dae816bc0b4fc7da19a130545a055eb1261f7b90a	354101064
merges.txt	a494e019ca1502219fd0128658b979e5f05ae8e8	3353259
model-bf16-00001.safetensors	5990db4bb32ad7183a1ece76387e0c832c2c96b7cf2576a928e3439f606cef14	1273114461
model-bf16-00010.safetensors	0c2c3ef0030f5134edca0f3bbffc111cfa5da4b39b839cb8248ec762009be0aa	323564201
model-bf16-00011.safetensors	d18b0db2e27fa066b3f8f86913686f572ee29406d971c8f5b0ec2902e3419ad9	10727387912
model-bf16-00012.safetensors	6c7c599218f8be53472c7b9ab0a9683b753cc187c5b7a49223e22348470b80e2	3683689888
model-plefp8-00000.safetensors	dc2e845b7edd35bda92834fba3626bf7d199e28d6aceac99fee654aade390cfd	5200027199
model-plefp8-00001.safetensors	899eaa0716e28594468a1389ee58cb065c23907f1270de3831f5ecb0a4f82d56	5200027202
model-plefp8-00002.safetensors	06fd8a11abf0419a669f89397b8d70dd6ff42d401e6b2a037c65e49704faaf71	5200027198
model-plefp8-00003.safetensors	c6aaa1fc08e84eced3c8151ac8679ed943888eba0fcef2556963693430f95bd9	5200027189
model-plefp8-00004.safetensors	d94e97c96d3ea09208614da016960f3f4b429f47a044c898a51b493f42f74ba2	5200027190
model-plefp8-00005.safetensors	03d5d4792e14a4ab55bae50bb459624b01786f818bbcfcaed1a5d0235af484c6	5200027190
model-plefp8-00006.safetensors	586cccbc12383021bc9bc02f206d9b19fbd1672373ed9a5d91e3b0ce34c2418f	5200027190
model-plefp8-00007.safetensors	c4a23bcc10f3cde6b633e82c282a9a518e3a64d433628283e1bc592c94cf3d6c	5200027190
model-plefp8-00008.safetensors	2dc8098c0d020bff277c9cf499a6b908e17836b70a5f949dfa24793371c9a87e	5200027190
model-plefp8-00009.safetensors	61de98b89bb79f386795787d7a76827a26f1e292c26edbb0a1b613da455f5a9c	4400023163
model.safetensors.index.json	da5ca9c3b65e48e151329e64e141c2fa700bf2f99aec53cc014e4b52a6ff7a84	34258807
preprocessor_config.json	2ea84a437d448ff71b08df68fdd949d5cc4ebb64	390
qualification-notes.md	9840e9481040db8ff62c5651c1304b490e31cb80	3253
README.md	9b8e304b4017ee6ad6b00e15ba245abd248c41ee	5927
smoke_report.json	4c5518dfa1a4994f47a33cfcf94dcb994bd6fa5c	389
tokenizer_config.json	5de744b3fca2129d7186979ae47c06be33903243	17928
tokenizer.json	0997f410c57a1f4e53b09e4be8f4a172d90edd9564368fb0847030937229b9f3	12809320
validate_checkpoint_report.json	777ced6cda16cadb819eb222490fcb5728e102e0	336
validate_scales_report.json	3c3be68ef4f63f3c96cb9e712d2c01cd5aedceba	149
video_preprocessor_config.json	3ba673a5ad7d4d13f54155ecd38b2a94a6dac8fe	385
vocab.json	0aa0ce0658d60ac4a5d609f4eadb0e8e43514176	6722759
